name,type,latitude,longitude,notes
Elizabeth Furnace Recreation Area,National Forest - Family/Group Campground & Dispersed Access,38.9324,-78.3212,George Washington & Jefferson National Forest VA. 32-site family campground plus 2-site group campground on Passage Creek. Verified via USFS Lee Ranger District page.
North Creek Camping Area,National Forest - Dispersed Camping Area,37.5122,-79.5419,George Washington & Jefferson National Forest VA. Wildland valley area near Apple Orchard Falls, Glenwood Cluster. Verified via Wikipedia geographic coordinates.
Pisgah National Forest (general access),National Forest - Dispersed Camping (forest-wide),35.3600,-82.7930,NC. Real, well-documented dispersed camping along Yellow Gap Rd, Wash Creek, Avery Creek, Courthouse Creek per multiple independent sources; pin marks forest centroid, not one exact pull-off. Verified via Wikipedia.
Monongahela National Forest (general access),National Forest - Dispersed Camping (forest-wide),38.9292,-79.8478,WV, Allegheny Mountains. Dispersed camping generally permitted outside developed sites per USFS policy. Pin marks forest centroid. Verified via Wikipedia.
Chattahoochee National Forest (general access),National Forest - Dispersed Camping (forest-wide),34.7636,-84.1156,North Georgia mountains. Dispersed camping generally permitted outside developed sites per USFS policy. Pin marks forest centroid. Verified via Wikipedia.
Mount Hood National Forest (general access),National Forest - Dispersed Camping (forest-wide),45.3706,-121.7039,OR, over 1 million acres surrounding Mount Hood. Dispersed camping generally permitted outside developed sites per USFS policy. Pin marks forest centroid. Verified via Wikipedia.
White River National Forest (general access),National Forest - Dispersed Camping (forest-wide),39.5890,-105.6430,CO, most-visited National Forest in the US. Dispersed camping generally permitted outside developed sites per USFS policy. Pin marks forest centroid. Verified via Wikipedia.
Superior National Forest (general access),National Forest - Dispersed Camping (forest-wide),48.0000,-92.0000,MN, Arrowhead Region along Lake Superior/Canada border. Dispersed camping generally permitted outside developed sites per USFS policy. Pin marks forest centroid. Verified via Wikipedia.
Coconino National Forest (general access),National Forest - Dispersed Camping (forest-wide),34.7575,-111.7644,AZ, near Flagstaff, largest contiguous ponderosa pine forest in North America. Dispersed camping generally permitted outside developed sites per USFS policy. Pin marks forest centroid. Verified via Wikipedia.
Uinta-Wasatch-Cache National Forest (general access),National Forest - Dispersed Camping (forest-wide),40.2500,-111.2830,UT, north-central Utah near Provo/Salt Lake City. Dispersed camping generally permitted outside developed sites per USFS policy. Pin marks forest centroid. Verified via Wikipedia.
