item_name,category,drawer_tab,nutshell,what_gets_claimed,why_its_wrong,field_test,reference_url
Mesingw (Lenape) misattributed as a Bigfoot figure,Misattributed entity,Indigenous,"Real Lenape guardian spirit, wrongly relabeled online as a 'Bigfoot name.' Not a wildman figure in actual tradition.",Some non-Native sources and lists claim Mesingw is a Lenape 'Bigfoot name.',"Mesingw is a real, well-documented Lenape guardian-spirit figure (a masked being tied to hunting rituals and protection of game animals), sourced back to Frank Speck's ethnographic fieldwork. But native-languages.org, a careful ethnographic source, explicitly states this Bigfoot association is a recent non-Native misreading -- Mesingw is not a wildman/hairy-biped figure in actual Lenape tradition.",,http://www.native-languages.org/mesingw.htm
Iktomi (Lakota) misattributed as a Bigfoot name,Misattributed entity,Indigenous,"Real Lakota trickster spider deity, wrongly listed on a copy-pasted 'Bigfoot names' site. Unrelated to any wildman.",A widely-circulated online 'Bigfoot names by tribe' list includes Iktomi (Plains/Lakota) as a wildman name.,Iktomi is a well-documented Lakota trickster spider deity -- completely unrelated to any large hairy wildman figure. This looks like a copy-paste error that has spread across multiple low-effort list sites without anyone checking it.,,nan
"""The Wildman of Whitehall"" (claimed: The Whitehall Times, 1890-08-15)",Likely fabricated press citation,Media,"No evidence this newspaper existed. Whitehall's real Bigfoot lore is from the 1970s-80s, not 1890.","Existing press_archives.csv entry claims a specific 1890 newspaper article from 'The Whitehall Times' reporting a wildman encounter near Whitehall, NY.","No evidence found that 'The Whitehall Times' ever existed as a publication. Whitehall, NY IS a genuine, well-documented Bigfoot hotspot -- but the real documented cases are from 1976 and the early 1980s, not 1890. This looks like a real underlying fact (Whitehall has real lore) with a fabricated specific citation attached to it. RED FLAGS: title follows the exact same 'The [Adjective] [Noun] of [Place]' template as 7 other entries in the same file; publication name doesn't appear in any newspaper archive or directory checked.",,nan
"""Raging Monster of the Red River"" (claimed: Paraclifta Courier, 1856-02-10)","Real story, fabricated/wrong citation",Media,"The event is real, but this citation is wrong — real source: The Wisconsin Patriot, May 10, 1856.","Existing press_archives.csv entry attributes this 1856 Red River wild-man story to a publication called 'The Paraclifta Courier,' dated February 10, 1856.","The underlying event is genuinely real and well-documented, but the actual original publication was The Wisconsin Patriot, dated May 10, 1856, reporting an April 1856 sighting -- not February. No evidence found that a paper called 'The Paraclifta Courier' ever existed, though Paraclifta was a real Arkansas town. The correct, properly-cited version of this story has been added to press_archives.csv separately.",,https://www.exploresouthernhistory.com/arwildman.html
"""Giant Man-Beast in the Lewis County Hills"" (claimed: Vanceburg Herald, 1892-08-02)",Likely fabricated press citation,Media,The real paper wasn't founded until 1906 — 14 years after this claimed date.,Existing press_archives.csv entry attributes a 1892 wildman story to 'The Vanceburg Herald.',"The real Lewis County newspaper (Vanceburg, KY) is called the Lewis County Herald, not 'Vanceburg Herald' -- and it wasn't founded until 1906, fourteen years after the claimed 1892 date. No evidence of an earlier paper by either name.",,https://www.loc.gov/item/sn86069602
"""The Cave Creature of Orange County"" (claimed: The Florida Bulletin, 1881-06-12)",Likely fabricated press citation,Media,"No such paper found, and a Florida-named outlet reporting a New York story doesn't add up.","Existing press_archives.csv entry attributes an 1881 story to 'The Florida Bulletin,' with the location listed as Orange County, New York.","No evidence found that 'The Florida Bulletin' ever existed as a publication. RED FLAG: the file itself lists a Florida-named publication reporting on a New York location, with nothing tying the two together -- an internal inconsistency in the citation itself.",,nan
Red Flag: Templated/formulaic headlines,Verification red flag pattern,Overview,Multiple fake citations shared the exact same 'The [Adjective] [Noun] of [Place]' pattern.,"N/A — this is a pattern to watch for, not a single claim.","Multiple fabricated press entries found today all followed the exact same template: 'The [Adjective] [Noun] of [Place]' (The Wildman of Whitehall, Raging Monster of the Red River, Border Monster Terrifies Homesteads, etc.). Real newspaper headlines from the same era are far more varied and specific. A batch of entries that all sound machine-generated from one template is a real warning sign worth checking before trusting.",,nan
Red Flag: Publication predates or postdates its claimed founding,Verification red flag pattern,Overview,Always check a paper's real founding date against the claimed article date.,"N/A — this is a pattern to watch for, not a single claim.","The 'Vanceburg Herald, 1892' citation failed this exact check -- the real Lewis County Herald wasn't founded until 1906. Any specific newspaper citation is checkable against real founding/publication date ranges (Library of Congress, Chronicling America, state historical societies) before being trusted.",,nan
Red Flag: Publication name and reported location don't logically match,Verification red flag pattern,Overview,A paper named for one place reporting from an unrelated one is a real warning sign.,"N/A — this is a pattern to watch for, not a single claim.","'The Florida Bulletin' claimed to report a story from Orange County, New York -- a Florida-named paper covering a New York location, with nothing tying the two together. A real citation's publication name and dateline location should make geographic sense together.",,nan
Red Flag: A real event with a fabricated or wrong citation attached,Verification red flag pattern,Overview,The most dangerous pattern — a true story doesn't guarantee an accurate source.,"N/A — this is a pattern to watch for, not a single claim.","The most dangerous pattern found today, not the most obvious one: the Red River 1856 wild-man story was completely real, but attributed to a newspaper and date that don't match the real source (The Wisconsin Patriot, May 10 -- not 'The Paraclifta Courier,' February 10). A true event doesn't guarantee an accurate citation. Always check the specific citation, even when the underlying story checks out.",,nan
"The Smithsonian ""giant skeleton cover-up"" conspiracy",Conspiracy theory,Conspiracy,"Traced to a 1993 self-published claim; the 2014 viral version was formally debunked by Reuters, AP, and Snopes. No Supreme Court ruling, no declassified papers — fabricated.","That the Smithsonian discovered, then destroyed or hid, thousands of giant human skeletons around the turn of the 20th century to protect mainstream science, per a supposedly-declassified 2014 internet story.","Origin traced to David Childress's 1993 'Smithsonian Gate' claim naming 19th-century director John Wesley Powell. The viral 2014 version (claiming a Supreme Court-forced declassification) was independently fact-checked and found false by Reuters, the Associated Press, and Snopes — the declassified papers never existed. The real history is the opposite of a cover-up: Smithsonian anthropologist Aleš Hrdlička spent real effort publicly debunking 19th-century giant-skeleton newspaper stories as amateur misidentification (often mammoth/mastodon bones). Separately, when the Smithsonian actually investigated a real Bigfoot claim — the 1968 'Minnesota Iceman' — primatologist John Napier tracked down the Hollywood prop house that built it and said so publicly. That's engagement, not suppression.",,https://www.snopes.com/fact-check/smithsonian-giant-skeletons/
Portals,Pseudoscience explanation,Paranormal Bigfoot,Requires exotic negative-energy matter that's never been produced at any meaningful scale. Also structured so no possible outcome could ever disprove it.,"Some researchers propose Bigfoot can pass between dimensions or realities through localized portals, explaining why the creature can appear, vanish, or evade capture despite decades of organized searching.","*Physics.* A real, traversable opening between two points in spacetime — a wormhole, in the technical sense — is not simply hard to build. It requires exotic matter, meaning matter with negative energy density, which violates the fundamental energy conditions of General Relativity. The only real-world, laboratory-confirmed source of negative energy ever produced is the Casimir effect — a quantum phenomenon between two metal plates spaced nanometers apart. That is the entire real toolkit available for producing negative energy, at any scale. Even granting a portal for argument's sake, keeping it open is a second, separate problem: physics predicts these structures collapse almost instantly without a continuous supply of exotic matter holding them open — a one-time burst isn't enough.

There's also an energy-release problem worth taking seriously. Every other time physics has observed or modeled a genuine large-scale manipulation of spacetime-adjacent energy, the result is violent and unmistakable. A disruption large enough to walk a large animal through would not politely shimmer open for a couple of quiet witnesses. That mismatch — quiet and brief, versus what physics would predict as violent and loud — is a real scientific red flag.

*Psychology.* Portal explanations tend to surface specifically in cases where a witness expected to find physical proof and didn't. The explanation itself becomes a way of preserving the original belief in the face of disconfirming evidence, a well-documented pattern in belief psychology generally, not unique to this topic.

**Summary:** Physically, this doesn't hold up — not because it's exotic, but because it's structured to absorb any outcome. If Bigfoot is found, portals explain it. If Bigfoot is never found, portals explain that too. A claim built to survive every possible result isn't a scientific hypothesis; it's unfalsifiable by design.",None applicable — there's no physical apparatus to test a claim with no proposed mechanism.,
Cloaking / Invisibility,Pseudoscience explanation,Paranormal Bigfoot,No known animal does this. The defensible version -- 'very good at not being seen' -- doesn't need invisibility at all.,"Some researchers propose Bigfoot can become invisible or otherwise defeat visual detection at will, explaining the absence of consistent trail-camera photography despite widespread camera coverage in known habitat.","*Biology.* No known animal on Earth produces macroscopic optical invisibility. The closest biological analogs — chameleons, octopuses, cuttlefish — achieve active color-matching camouflage, not true invisibility; they remain fully visible in outline and shape, just color-matched to background. Some Arctic mammals, like polar bears, have hollow guard hairs, which is real biology, but it affects insulation and how the coat scatters visible light to appear white — not transparency.

*Physics.* True invisibility at macroscopic, non-laboratory scale would require either bending light entirely around a body (a form of metamaterial cloaking that exists only in narrow experimental contexts, at tiny scale, under lab conditions) or some other undiscovered physical mechanism. Assuming Bigfoot possesses or is equipped with technology humans haven't built is a second, unsupported claim stacked on the first.

*The more defensible middle ground.* Excellent camouflage combined with a genuinely uncommon, shy, low-density animal is a real, mundane explanation for rare sightings — no invisibility required, just good concealment and low encounter rates.

**Summary:** ""Very good at not being seen"" is a defensible claim about a rare animal. ""Cannot be seen"" is a different claim entirely, sharing the same unfalsifiable structure as the portal explanation — it explains away absence of evidence rather than predicting anything testable.","None applicable to the invisibility claim specifically. The camouflage hypothesis is testable in principle through controlled camera-trap density studies, the same methodology used in real wildlife population surveys.",
EMF Meters / Frequency,Pseudoscience explanation,Paranormal Bigfoot,1.6 GHz is the GPS band every phone in the search party is using. Uncalibrated ghost-hunting meters are also known to false-positive on ordinary RF noise.,"Field researchers report handheld EMF meters spiking unexpectedly during investigations, sometimes at a specific, hard-to-pin-down frequency, treated as an unexplained energy signature tied to Bigfoot presence.","*Physics — the equipment itself.* Most consumer-grade ""ghost hunting"" EMF meters (the popular K2-style units especially) are simple, inexpensive magnetic field detectors, not calibrated scientific instruments. They are well-documented to false-positive on ordinary radio-frequency noise — cell towers, WiFi routers, a nearby phone, even internal circuit noise in the meter itself. A reading that can't be pinned to a specific, repeatable number is closer to noise than signal.

*Physics — a specific, real, testable candidate.* One frequency that comes up repeatedly in field reports sits right around 1.6 GHz. That number isn't obscure — it's the GPS L1 band (1.575 GHz precisely), referred to in technical literature as ""the 1.6 GHz L1 band,"" used by essentially every smartphone, laptop, and GPS unit made. GLONASS, the Russian satellite system, sits even closer at 1.602 GHz. A search party standing together, phones and GPS units in their pockets, is a simpler and more testable explanation for a 1.6 GHz reading than an unknown creature.

*Physics — a second real mechanism, especially relevant near power infrastructure.* High-voltage power lines produce genuine static electric fields that humans and animals can physically perceive — documented in a peer-reviewed systematic review (Petri et al., 2017), which found hair movement is a real sensory mechanism for detecting these fields, and that humidity measurably lowers the detection threshold, meaning hot, humid conditions make a real static-field sensation more noticeable, not less. Separately, ""corona discharge"" around high-voltage lines is well-documented physics: ionized air producing an audible hiss, a visible glow, and a distinct ozone smell, especially in humid conditions.

*A numerical coincidence worth naming directly, since it's exactly the kind of thing that spreads.* Some researchers have connected a 1.6 GHz reading to Phi (the golden ratio, ≈1.618), sometimes illustrated through a real, legitimate geometric diagram comparing the Spiral of Theodorus to a Golden Spiral. The diagram itself is real mathematics. But a frequency in GHz and a pure, unitless mathematical ratio are fundamentally different kinds of numbers — they only look connected because both happen to start with ""1.6."" That's the same pattern-matching mistake numerology relies on: two numbers looking similar isn't a mechanism, it's a coincidence dressed up as one.

**Summary:** The meters are very likely reading something real — the open question is what. Modern electronics and power infrastructure are both real, testable, mundane candidates that are rarely ruled out before assuming something anomalous. A specific, unspecified reading from uncalibrated gear is closer to noise than evidence.","Repeat the EMF reading with every phone and GPS device in the group powered off or in airplane mode. If the spike disappears, that's the answer, cleanly, without needing to argue about it.",
Shape Shifting,Pseudoscience explanation,Paranormal Bigfoot,"The thinnest claim on this list -- not enough specific, circulating detail yet to meaningfully evaluate.","Occasional references exist to Bigfoot changing form, though specific, detailed accounts are rare compared to other paranormal claims in this space.","There isn't yet enough substance in circulation to meaningfully evaluate this one against physics, psychology, or biology — the claim itself is too thin to test.

**Summary:** Genuinely the least-developed topic here. Not dismissed, just not yet substantial enough to argue against. Worth revisiting properly if and when specific claims surface.",Not applicable until the claim itself is better defined.,
Mind-Speak,Pseudoscience explanation,Paranormal Bigfoot,"No evidence for real telepathy. But the human brain is extremely good at generating a convincing sense of 'communication' on its own, especially under stress.","Some witnesses report a felt sense of direct communication with Bigfoot — receiving thoughts, images, or an impression of understanding without spoken language, sometimes during a high-intensity encounter.","*Physics/biology.* There is no scientific evidence for telepathy as a real communication mechanism between species, or between humans, under any controlled testing conditions to date.

*Psychology.* What science can explain is the felt experience itself, without requiring telepathy to be real. Humans are extraordinarily good at pattern completion — filling in meaning, narrative, and intention from ambiguous or incomplete sensory input, especially under high emotional arousal, low light, and fear. This is a well-documented feature of ordinary cognition, related to apophenia, the tendency to perceive meaningful connections in random or ambiguous data. A vivid, felt sense of ""communication"" during an intense encounter doesn't require an external transmitting mind — a highly active, pattern-seeking human mind under stress is sufficient to produce that experience on its own.

**Summary:** The subjective experience is very likely real and doesn't need to be doubted. The interpretation — that it required an external sender — is the part without support. One of the clearest cases here of a solid observation paired with an unsupported explanation.",None applicable — a subjective internal experience isn't independently measurable by outside instruments.,
Zapping,Pseudoscience explanation,Paranormal Bigfoot,"The cleanest case on this whole list: real sensation, real documented physics, fully explained.","Some field researchers report a physical ""zapping"" sensation while in the woods, occasionally under specific environmental conditions such as hot, humid weather near power infrastructure.","*Physics.* High-voltage lines produce real static electric fields, and peer-reviewed research (Petri et al., 2017) found that high humidity measurably lowers the threshold at which humans can physically feel them — meaning hot, humid conditions are exactly when a real physiological sensation would be most noticeable, not least. Add the corona effect — ionization producing a hiss, a glow, and an ozone smell in humid conditions — and there's a complete, mundane, physically well-documented explanation available that doesn't require anything beyond known physics, while still fully validating that something real and physical was felt.

**Summary:** Likely the single cleanest case in this whole collection. A real sensation, a real physical cause, fully explained by existing physics — a satisfying answer, not a dead end.","Note the exact time, location, humidity, and proximity to any power infrastructure the next time the sensation occurs. If it correlates consistently with humid conditions near high-voltage lines, that's a strong, repeatable, testable pattern.",
Being Watched / 'Spooky Feeling',Pseudoscience explanation,Paranormal Bigfoot,"Infrasound in the 7-12 Hz range overlaps human alpha brain waves and produces a real, documented sense of dread -- no external presence required.","A persistent, unexplained sense of being observed or watched while in the woods, often described as dread or unease without a visible cause.","*Physics/biology.* Infrasound — sub-audible sound in the 7–12 Hz range — overlaps directly with human alpha brain waves, and is documented (via engineer Vic Tandy's 1998 case, among others) to produce a real, physical sense of dread and being watched, no external presence required. Natural sources including wind through mountain passes, waterfalls, and distant industrial hums can all produce infrasound in this range.

**Summary:** A real physiological effect with a well-documented natural mechanism and real case history. One of the stronger, most defensible mundane explanations available for this category of experience.",A sound-level meter capable of detecting sub-audible frequencies can confirm whether infrasound is present at the location where the feeling occurs.,
Orbs (Witnessed Floating Lights),Pseudoscience explanation,Paranormal Bigfoot,"Floating wilderness lights are a real, independently documented phenomenon with a century of formal investigation -- and it predates Bigfoot research entirely.","Researchers searching remote wilderness sometimes report seeing floating lights directly with the naked eye — not in photographs, but as a live, witnessed phenomenon during a search.","*Physics/atmospheric science.* Floating, unexplained lights in remote wilderness are not a new or Bigfoot-specific phenomenon — they're an independently documented category with a real research history. The Brown Mountain Lights in North Carolina have been documented since 1913, with two formal U.S. Geological Survey investigations (1913 and 1922) concluding the lights were mostly distant train and automobile headlights. There's a real wrinkle that keeps this genuinely unresolved rather than fully explained: a major 1916 flood destroyed the area's railroad bridges and power infrastructure for weeks, and the lights reportedly continued anyway. A professional geologist spent three years running staged field tests in 2017 and still came away without a clean answer. This is a real, seriously-studied atmospheric phenomenon with its own century of investigation — notably, its own attached folklore is a Cherokee-Catawba battle legend, unrelated to any wildman tradition at all.

*What this means for wilderness light sightings generally.* When researchers report floating lights in remote forest, the more parsimonious explanation is that they've encountered this same broader, independently-documented category of phenomenon — not created a new one specific to Bigfoot. Candidate physical explanations across different documented cases include distant vehicle lights refracted by atmospheric temperature layers, ball lightning, piezoelectric effects from quartz-bearing rock under tectonic stress, and simple misidentification of aircraft or astronomical objects at a distance.

**Summary:** ""Floating lights in remote wilderness"" is a real, independently-documented phenomenon with a century of formal scientific investigation behind it — one that existed long before Bigfoot research and doesn't require Bigfoot to explain it. When it shows up during a Bigfoot search, the simpler explanation is overlap with this existing phenomenon, not a new, creature-specific one.","Note the exact bearing, time, and weather conditions of any observed light, then check for possible line-of-sight sources (roads, towers, aircraft corridors) from that bearing using a map — the same approach used in the real Brown Mountain investigations.",
Being Marked,Pseudoscience explanation,Paranormal Bigfoot,"Ordinary confirmation bias folding later ambiguous events into an already-established narrative -- well documented, not specific to this topic.","A sense that Bigfoot is specifically aware of and tracking a particular witness, sometimes described as a feeling that ""it knows that I know.""","*Psychology.* This is difficult to separate from ordinary confirmation bias, and that's worth naming plainly rather than reaching for a more exotic mechanism. Once someone believes they've had a genuine encounter, ambiguous later events — a sound, a felt presence, an odd coincidence — tend to get folded into the same narrative, reinforcing the sense of being singled out. This is simply how human pattern-recognition and memory work, well documented across psychology broadly, not specific to this topic.

**Summary:** No dedicated mechanism required or found. The most honest current answer is an ordinary, well-understood psychological process operating on a genuinely unusual and emotionally significant initial event.",None applicable — a felt sense of being targeted isn't independently measurable.,
Being Followed Home,Pseudoscience explanation,Paranormal Bigfoot,The 'dark wispy shadow' description matches a well-documented quirk of peripheral vision -- shows up constantly in totally unrelated contexts.,"Some witnesses report a physical presence following them after a woods encounter, occasionally escalating to dark, wispy shadow-shapes seen inside the home afterward.","*Biology/neuroscience.* The ""dark wispy shadow"" description matches a well-documented feature of human visual processing: peripheral vision is far more sensitive to motion and low light than central vision, but has poor resolution and no color sensitivity. This is exactly why peripheral ""shadow figures"" are reported constantly across totally unrelated contexts — ordinary house hauntings, sleep-deprivation research, even routine night driving.

**Summary:** The visual experience is real and has a well-documented mundane explanation rooted in how human eyes actually work. The leap to ""the same entity followed me home"" is the unsupported part, not the sighting itself.","None applicable to the follow-home claim specifically, though the shadow-figure perception itself is reproducible under controlled low-light conditions in vision-science research.",
"Voices, Battery Drain, Lost Time & Other Haunting-Adjacent Reports",Pseudoscience explanation,Paranormal Bigfoot,Every item in this cluster is also a standard haunted-house trope. Lost time specifically has real peer-reviewed science behind it.,"A cluster of reported experiences during Bigfoot encounters — hearing voices or breathing, footsteps with no visible source, phone or camera batteries draining rapidly, electronics malfunctioning, and gaps in memory or perceived time during an encounter.","*The pattern itself, first.* Every one of these is also a standard haunted-house trope, reported about a completely different kind of entity, in a completely different tradition. That overlap is worth sitting with directly rather than explaining each one away in isolation.

*Biology/physics.* Wind moving through structures or trees, animal activity, and pareidolia — the brain's tendency to impose pattern, especially voices and breathing, onto ambiguous ambient noise — account for the same reports in both contexts. Cold temperatures measurably reduce battery performance, a real, well-documented effect independent of anything anomalous; background app activity or aging hardware are common mundane causes rarely ruled out before assuming interference.

*Psychology/neuroscience — lost time specifically.* This has real, peer-reviewed science behind it, not just speculation. Multiple studies confirm that high arousal, fear, and stress measurably distort time perception — under stress, the brain can both compress and expand the felt duration of an event, tied to specific, documented brain activity in the anterior insular cortex. A frightening woods encounter is close to a textbook condition for producing exactly this kind of distortion, with no actual missing time required — the felt gap is the well-documented artifact.

*The one genuine exception worth separating out.* Tree-knocking sits in a different evidentiary category from the rest of this list. It's claimed as physical, repeatable field evidence in Bigfoot research — not just an atmospheric feeling — which puts it closer to a testable physical claim than to the haunting-adjacent experiences above, and it deserves to be treated that way rather than folded in with them.

**Summary:** Most of this cluster has real, ordinary explanations already documented in psychology and physics, independent of anything paranormal. Tree-knocking is the one item that stands apart as a genuinely different, more physical kind of claim.","For battery drain specifically, compare battery performance in cold versus warm conditions on the same device to establish a baseline before attributing any single instance to something anomalous.",
Egregores & Collective Thoughtform,Pseudoscience explanation,Paranormal Bigfoot,The mystical version has no support. The real mechanism underneath -- shared expectation shaping group experience -- is genuinely well-documented psychology.,"Some researchers connect Bigfoot to the idea of a psychological or metaphysical ""egregore"" — a thoughtform or emergent group consciousness generated by sustained collective belief and attention.","*The mystical version.* A genuine metaphysical thoughtform — an emergent consciousness generated by collective belief — has no scientific support and no proposed testable mechanism.

*A real, non-mystical version sitting immediately underneath it.* Shared expectation genuinely does shape group experience. This shows up under different names across real psychology and sociology — priming effects, shared attentional bias, and in more extreme documented cases, folie à deux (or folie à plusieurs), a real, clinically recognized shared delusional belief within a close group. None of this requires an actual external energy or thoughtform. It only requires that a group of people, primed by the same story, in the same charged environment, will tend to interpret ambiguous stimuli the same way — sufficient on its own to produce a real, shared felt experience without anything supernatural occurring.

**Summary:** The mechanism worth taking seriously here — group belief shaping group experience — is real and well-documented. It just doesn't require anything beyond ordinary, understood psychology to work.","None applicable directly, though the underlying priming-effect mechanism is well-studied in controlled social-psychology research.",
The Isopod & Centipede Principle,Pseudoscience explanation,Paranormal Bigfoot,Shared habitat is not shared causation -- the single most useful null hypothesis for the entire paranormal-Bigfoot overlap.,"N/A -- this is a general reasoning principle, not a specific claim to evaluate.","Two things sharing an environment because they both like the same conditions is not the same as those two things being related. Remote, quiet forest is exactly the kind of place where both unusual sensory experiences and Bigfoot sightings tend to get reported -- which alone produces a correlation between the two, without either one causing or explaining the other. Worth naming directly as a standing check against every topic in this drawer: shared habitat is not shared causation.","None applicable -- this is a reasoning check, not an empirical claim.",
